Series Name,Series Code,Country Name,Country Code,1990 [YR1990],2000 [YR2000],2007 [YR2007],2008 [YR2008],2009 [YR2009],2010 [YR2010],2011 [YR2011],2012 [YR2012],2013 [YR2013],2014 [YR2014],2015 [YR2015],2016 [YR2016]
Total electricity output (GWh),4.1.1_TOTAL.ELECTRICITY.OUTPUT,BES Islands,BES,0,0,0,0,0,0,0,113.7,116.3,120,126.7,..
Total electricity output (GWh),4.1.1_TOTAL.ELECTRICITY.OUTPUT,Nauru,NRU,29,33,20.1,19.5,21.3,22.6,23.1,23.7,24.3,25.1,25.1,..
Total electricity output (GWh),4.1.1_TOTAL.ELECTRICITY.OUTPUT,Niue,NIU,2.6,3,3,3,2.877,3.14794444444444,3.26961111111111,3.32944444444444,3.35166666666667,3.22666666666667,3.39083333333333,..
Total electricity output (GWh),4.1.1_TOTAL.ELECTRICITY.OUTPUT,Wallis and Futuna,WLF,0,0,20.261,20.321,20.091,19.816,19.752,18.983,18.837,18.556,18.34,..
Total electricity output (GWh),4.1.1_TOTAL.ELECTRICITY.OUTPUT,Caucasian and Central Asia,CCA,..,..,..,..,..,..,..,..,..,..,..,..
Total electricity output (GWh),4.1.1_TOTAL.ELECTRICITY.OUTPUT,Caucasus and Central Asia,GCA,..,..,..,..,..,..,..,..,..,..,..,..
Total electricity output (GWh),4.1.1_TOTAL.ELECTRICITY.OUTPUT,Eastern Asia (including Japan),GEJ,..,..,..,..,..,..,..,..,..,..,..,..
Total electricity output (GWh),4.1.1_TOTAL.ELECTRICITY.OUTPUT,Eastern Asia (not including Japan),GEA,..,..,..,..,..,..,..,..,..,..,..,..
Total electricity output (GWh),4.1.1_TOTAL.ELECTRICITY.OUTPUT,Eastern Europe,GEE,..,..,..,..,..,..,..,..,..,..,..,..
Total electricity output (GWh),4.1.1_TOTAL.ELECTRICITY.OUTPUT,Europe,GEU,..,..,..,..,..,..,..,..,..,..,..,..
Total electricity output (GWh),4.1.1_TOTAL.ELECTRICITY.OUTPUT,High income,HIC,..,..,..,..,..,..,..,..,..,..,..,..
Total electricity output (GWh),4.1.1_TOTAL.ELECTRICITY.OUTPUT,High income: nonOECD,NOC,..,..,..,..,..,..,..,..,..,..,..,..
Total electricity output (GWh),4.1.1_TOTAL.ELECTRICITY.OUTPUT,High income: OECD,OEC,..,..,..,..,..,..,..,..,..,..,..,..
Total electricity output (GWh),4.1.1_TOTAL.ELECTRICITY.OUTPUT,Latin America and Caribbean,GLC,..,..,..,..,..,..,..,..,..,..,..,..
Total electricity output (GWh),4.1.1_TOTAL.ELECTRICITY.OUTPUT,Low & middle income,LMY,..,..,..,..,..,..,..,..,..,..,..,..
Total electricity output (GWh),4.1.1_TOTAL.ELECTRICITY.OUTPUT,Low income,LIC,..,..,..,..,..,..,..,..,..,..,..,..
Total electricity output (GWh),4.1.1_TOTAL.ELECTRICITY.OUTPUT,Lower middle income,LMC,..,..,..,..,..,..,..,..,..,..,..,..
Total electricity output (GWh),4.1.1_TOTAL.ELECTRICITY.OUTPUT,Middle income,MIC,..,..,..,..,..,..,..,..,..,..,..,..
Total electricity output (GWh),4.1.1_TOTAL.ELECTRICITY.OUTPUT,Northern America,GNA,..,..,..,..,..,..,..,..,..,..,..,..
Total electricity output (GWh),4.1.1_TOTAL.ELECTRICITY.OUTPUT,Not classified,LNX,..,..,..,..,..,..,..,..,..,..,..,..
Total electricity output (GWh),4.1.1_TOTAL.ELECTRICITY.OUTPUT,Nothern America,NAR,..,..,..,..,..,..,..,..,..,..,..,..
Total electricity output (GWh),4.1.1_TOTAL.ELECTRICITY.OUTPUT,Oceania,GCN,..,..,..,..,..,..,..,..,..,..,..,..
Total electricity output (GWh),4.1.1_TOTAL.ELECTRICITY.OUTPUT,Oceania (not including Australia and New Zealand),GOC,..,..,..,..,..,..,..,..,..,..,..,..
Total electricity output (GWh),4.1.1_TOTAL.ELECTRICITY.OUTPUT,South Eastern Asia,GSE,..,..,..,..,..,..,..,..,..,..,..,..
Total electricity output (GWh),4.1.1_TOTAL.ELECTRICITY.OUTPUT,Southern Asia,GSA,..,..,..,..,..,..,..,..,..,..,..,..
Total electricity output (GWh),4.1.1_TOTAL.ELECTRICITY.OUTPUT,Sub-Saharan Africa,GSS,..,..,..,..,..,..,..,..,..,..,..,..
Total electricity output (GWh),4.1.1_TOTAL.ELECTRICITY.OUTPUT,Upper middle income,UMC,..,..,..,..,..,..,..,..,..,..,..,..
Total electricity output (GWh),4.1.1_TOTAL.ELECTRICITY.OUTPUT,Western Asia,GWA,..,..,..,..,..,..,..,..,..,..,..,..
Total electricity output (GWh),4.1.1_TOTAL.ELECTRICITY.OUTPUT,World,GWL,..,..,..,..,..,..,..,..,..,..,..,..
Total electricity output (GWh),4.1.1_TOTAL.ELECTRICITY.OUTPUT,Afghanistan,AFG,1128,687.7,950,788,889,892,1005,1022,1022.3,1049.3,1033.7,..
Total electricity output (GWh),4.1.1_TOTAL.ELECTRICITY.OUTPUT,Albania,ALB,3296,4778,2860,3797,5202,7568,4191,4725,6959,4724,5895,..
Total electricity output (GWh),4.1.1_TOTAL.ELECTRICITY.OUTPUT,Algeria,DZA,16104,25412,37196,40236,38501,45734,51224,57397,59890,64242,68798,..
Total electricity output (GWh),4.1.1_TOTAL.ELECTRICITY.OUTPUT,American Samoa,ASM,100,169,185.2,188.4,178.3,159.1,155,156.6,156.441,156.945,169.4,..
Total electricity output (GWh),4.1.1_TOTAL.ELECTRICITY.OUTPUT,Andorra,AND,120,80,76,78.7,81,112.7,91.2,87.9,114.7,126.8,99.4,..
Total electricity output (GWh),4.1.1_TOTAL.ELECTRICITY.OUTPUT,Angola,AGO,841,1445,3217,4156,4735,5449,5651,6204,8216,9480,9764,..
Total electricity output (GWh),4.1.1_TOTAL.ELECTRICITY.OUTPUT,Anguilla,AIA,16.7,45.8,89,89.5,91.2,98.6,95.2,89.5,88.6,89.5,94.3,..
Total electricity output (GWh),4.1.1_TOTAL.ELECTRICITY.OUTPUT,Antigua and Barbuda,ATG,95,150,285.4,296,327.4,326,325,327,330,336,340,..
Total electricity output (GWh),4.1.1_TOTAL.ELECTRICITY.OUTPUT,Argentina,ARG,50740,88910,107415,121604,121919,125263,129555,135627,139171,141260,144957,..
Total electricity output (GWh),4.1.1_TOTAL.ELECTRICITY.OUTPUT,Armenia,ARM,10362,5958,5898,5770,5671,6491,7430,8036,7710,7750,7799,..
Total electricity output (GWh),4.1.1_TOTAL.ELECTRICITY.OUTPUT,Aruba,ABW,338,776.6,936,913.6,924.3,940.2,930.5,914.5,928.1,916.6,931.6,..
Total electricity output (GWh),4.1.1_TOTAL.ELECTRICITY.OUTPUT,Australia,AUS,154287,209864,242979,243073,248687,252651,253907,251108,249621,248264,252276,..
Total electricity output (GWh),4.1.1_TOTAL.ELECTRICITY.OUTPUT,Austria,AUT,49296,59874,62612,64540,66315,67933,62274,68726,64515,61595,61763,..
Total electricity output (GWh),4.1.1_TOTAL.ELECTRICITY.OUTPUT,Azerbaijan,AZE,23152,18699,21847,21643,18868,18710,20294,22988,23354,24728,24688,..
Total electricity output (GWh),4.1.1_TOTAL.ELECTRICITY.OUTPUT,"Bahamas, The",BHS,950,1704.8,2246,2251,2140,1804.6,1753.6,1749.5,1885,1853,2117,..
Total electricity output (GWh),4.1.1_TOTAL.ELECTRICITY.OUTPUT,Bahrain,BHR,7989,13859,21727,22824,22561,23824,24338,24775,25916,27253,28484,..
Total electricity output (GWh),4.1.1_TOTAL.ELECTRICITY.OUTPUT,Bangladesh,BGD,7732,15771,31005,34218,37177,40790,44153,48562,53120,55845,59011,..
Total electricity output (GWh),4.1.1_TOTAL.ELECTRICITY.OUTPUT,Barbados,BRB,468,787,1049.23,1053.66,1068.34,1027.67,1049,1128.52,1015.84,1009.58,1029.29,..
Total electricity output (GWh),4.1.1_TOTAL.ELECTRICITY.OUTPUT,Belarus,BLR,39526,26101,31829,35048,30376,34895,32200,30799,31507,34735,34082,..
Total electricity output (GWh),4.1.1_TOTAL.ELECTRICITY.OUTPUT,Belgium,BEL,70292,82773,87528,83583,89806,93833,89014,81621,82183,71455,69548,..
Total electricity output (GWh),4.1.1_TOTAL.ELECTRICITY.OUTPUT,Belize,BLZ,108,137,217.777,217.995,236.584722,414.9275,388.369722,423.751944,371.006667,404.061666888889,416.955277777778,..
Total electricity output (GWh),4.1.1_TOTAL.ELECTRICITY.OUTPUT,Benin,BEN,21,84,220,229,128,150,155,162,173,184,342,..
Total electricity output (GWh),4.1.1_TOTAL.ELECTRICITY.OUTPUT,Bermuda,BMU,490,603,734.9,727,746,742.4,725.9,692,673,710,674.3,..
Total electricity output (GWh),4.1.1_TOTAL.ELECTRICITY.OUTPUT,Bhutan,BTN,1564,1810,6562,6961.1,6998.1,7328.3,7067.5,6826.7,7640.14,7003.86,7747.654,..
Total electricity output (GWh),4.1.1_TOTAL.ELECTRICITY.OUTPUT,Bolivia,BOL,2311,3880,5734,5817,6121,6777,7220,7661,8065,8755,8528,..
Total electricity output (GWh),4.1.1_TOTAL.ELECTRICITY.OUTPUT,Bosnia and Herzegovina,BIH,14632,10429,11784,14823,15668,17124,15280,14082,17451,16160,15629,..
Total electricity output (GWh),4.1.1_TOTAL.ELECTRICITY.OUTPUT,Botswana,BWA,906,1140,828,697,1031,450,325,703,1907,2363,2967,..
Total electricity output (GWh),4.1.1_TOTAL.ELECTRICITY.OUTPUT,Brazil,BRA,222821,348910,445147,463067,466121,515745,531757,552624,571088,590632,581652,..
Total electricity output (GWh),4.1.1_TOTAL.ELECTRICITY.OUTPUT,British Virgin Islands,VGB,45,84,110,121,125,128,132.07,131.07,131.34,133.72,133.72,..
Total electricity output (GWh),4.1.1_TOTAL.ELECTRICITY.OUTPUT,Brunei Darussalam,BRN,1172,2543,3395,3423,3612,3792,3725,3930,4402,4506,4200,..
Total electricity output (GWh),4.1.1_TOTAL.ELECTRICITY.OUTPUT,Bulgaria,BGR,42141,40646,42937,44584,42381,46017,50023,46579,43069,46927,48742,..
Total electricity output (GWh),4.1.1_TOTAL.ELECTRICITY.OUTPUT,Burkina Faso,BFA,184,390.4,612,619.4,699.8,565.3,529.9,625.6,730.7,869.971,999.162,..
Total electricity output (GWh),4.1.1_TOTAL.ELECTRICITY.OUTPUT,Burundi,BDI,110,101,119.459,113.789,121.147,142.031,141.151,141.695,159.121,173.848,165.986,..
Total electricity output (GWh),4.1.1_TOTAL.ELECTRICITY.OUTPUT,Cambodia,KHM,..,448,1489,1479,1256,994,1053,1434,1778,3059,4397,..
Total electricity output (GWh),4.1.1_TOTAL.ELECTRICITY.OUTPUT,Cameroon,CMR,2697,3480,5243,5681,5783,5899,5943,5895,6175,6922,6758,..
Total electricity output (GWh),4.1.1_TOTAL.ELECTRICITY.OUTPUT,Canada,CAN,482041,605596,626410,629362,606235,595840,629790,632810,660684,656114,670740,..
Total electricity output (GWh),4.1.1_TOTAL.ELECTRICITY.OUTPUT,Cape Verde,CPV,42,146.42,269.53,286.8,309.49,346.7,365.48,375.08,404.23,408.81,421.11,..
Total electricity output (GWh),4.1.1_TOTAL.ELECTRICITY.OUTPUT,Cayman Islands,CYM,225,441,604,615,626,624,626,607,615.05,620.74,639.86,..
Total electricity output (GWh),4.1.1_TOTAL.ELECTRICITY.OUTPUT,Central African Republic,CAF,95,107,161,161,160,160,174,177,181,183,171,..
Total electricity output (GWh),4.1.1_TOTAL.ELECTRICITY.OUTPUT,Chad,TCD,90,95,129,150,183,200,218,205,225,225,228,..
Total electricity output (GWh),4.1.1_TOTAL.ELECTRICITY.OUTPUT,Channel Islands,CHI,..,..,..,..,..,..,..,..,..,..,..,..
Total electricity output (GWh),4.1.1_TOTAL.ELECTRICITY.OUTPUT,Chile,CHL,18372,40078,58509,59704,60722,60434,65713,69751,73065,73719,75387,..
Total electricity output (GWh),4.1.1_TOTAL.ELECTRICITY.OUTPUT,China,CHN,621268,1355738,3281790,3467185,3715061,4197204,4704861,4984731,5436567,5665745,5844158,..
Total electricity output (GWh),4.1.1_TOTAL.ELECTRICITY.OUTPUT,Colombia,COL,36357,43125,55224,55938,57149,59424,61005,62338,69459,69920,69017,..
Total electricity output (GWh),4.1.1_TOTAL.ELECTRICITY.OUTPUT,Comoros,COM,16,29,46.8,43,46.4,63.6,57.4,58.4,56.1,54.6,41.9,..
Total electricity output (GWh),4.1.1_TOTAL.ELECTRICITY.OUTPUT,"Congo, Dem. Rep.",COD,5650,5982,7882,7549,7854,7905,7899,7595,8240,8831,8942,..
Total electricity output (GWh),4.1.1_TOTAL.ELECTRICITY.OUTPUT,"Congo, Rep.",COG,493,296,407,461,539,784,1293,1700,1709,1740,1734,..
Total electricity output (GWh),4.1.1_TOTAL.ELECTRICITY.OUTPUT,Cook Islands,COK,16,25,33.7,33.5,32.7,33.7,33.6,32.9,32.5,31.8,29.4,..
Total electricity output (GWh),4.1.1_TOTAL.ELECTRICITY.OUTPUT,Costa Rica,CRI,3468,6919,9050,9474,9310,9583,9832,10174,10235,10217,10812,..
Total electricity output (GWh),4.1.1_TOTAL.ELECTRICITY.OUTPUT,Cote d'Ivoire,CIV,1983,4800,5631,5800,5871,5965,6099,7016,7650,8286,8711,..
Total electricity output (GWh),4.1.1_TOTAL.ELECTRICITY.OUTPUT,Croatia,HRV,9062,11263,12545,12781,13370,14796,11244,10593,13947,13436,11238,..
Total electricity output (GWh),4.1.1_TOTAL.ELECTRICITY.OUTPUT,Cuba,CUB,15024,15032,17624,17679,17734,17397,17760,18428,19140,19366,20288,..
Total electricity output (GWh),4.1.1_TOTAL.ELECTRICITY.OUTPUT,Curacao,CUW,790,1121,1256,1242,1298,1323,1325,917,904,891,862,..
Total electricity output (GWh),4.1.1_TOTAL.ELECTRICITY.OUTPUT,Cyprus,CYP,1974,3370,4871,5079,5215,5322,4929,4717,4290,4350,4533,..
Total electricity output (GWh),4.1.1_TOTAL.ELECTRICITY.OUTPUT,Czech Republic,CZE,62271,72911,87764,83166,81697,85319,86860,86842,86160,84972,82616,..
Total electricity output (GWh),4.1.1_TOTAL.ELECTRICITY.OUTPUT,Denmark,DNK,25982,36053,39316,36616,36383,38862,35229,30701,34760,32183,28947,..
Total electricity output (GWh),4.1.1_TOTAL.ELECTRICITY.OUTPUT,Djibouti,DJI,179,180,323,339,349,379,387,393,402,402,405,..
Total electricity output (GWh),4.1.1_TOTAL.ELECTRICITY.OUTPUT,Dominica,DMA,30,77,86.4,87.5,92.8,99.1,100.4,101.55,100.7,102.43,151.09,..
Total electricity output (GWh),4.1.1_TOTAL.ELECTRICITY.OUTPUT,Dominican Republic,DOM,3698,12857,14350,14751,14383,15334,15897,16895,17680,18573,18457,..
Total electricity output (GWh),4.1.1_TOTAL.ELECTRICITY.OUTPUT,Ecuador,ECU,6349,10612,16372,18817,18569,19509,20544,22847,23261,24307,25830,..
Total electricity output (GWh),4.1.1_TOTAL.ELECTRICITY.OUTPUT,"Egypt, Arab Rep.",EGY,42256,78143,125129,131040,139000,146796,157406,164364,168050,171747,181977,..
Total electricity output (GWh),4.1.1_TOTAL.ELECTRICITY.OUTPUT,El Salvador,SLV,2218,3377,5811,5968,5792,5984,6083,6237,6272,6223,5989,..
Total electricity output (GWh),4.1.1_TOTAL.ELECTRICITY.OUTPUT,Equatorial Guinea,GNQ,29.1,50.3,122,122,122,122,281,439,439,439,939,..
Total electricity output (GWh),4.1.1_TOTAL.ELECTRICITY.OUTPUT,Eritrea,ERI,..,210,288,287,295,311,337,359,363,370,406,..
Total electricity output (GWh),4.1.1_TOTAL.ELECTRICITY.OUTPUT,Estonia,EST,17181,8513,12190,10581,8779,12964,12893,11967,13275,12446,10417,..
Total electricity output (GWh),4.1.1_TOTAL.ELECTRICITY.OUTPUT,Ethiopia,ETH,1202,1674,3547,3777,3992,4980,6336,7608,8719,9615,10437,..
Total electricity output (GWh),4.1.1_TOTAL.ELECTRICITY.OUTPUT,Faeroe Islands,FRO,211,213,269.417,275.829,275.528,280.366,273.843,291.556,292.534,305.417,314.409,..
Total electricity output (GWh),4.1.1_TOTAL.ELECTRICITY.OUTPUT,Falkland Islands,FLK,11,15.2,17.3,17.5,17.55,17.55,17.6,17.65,17.65,17.65,17.65,..
Total electricity output (GWh),4.1.1_TOTAL.ELECTRICITY.OUTPUT,Fiji,FJI,467,687.989,835.998,769.439,777.327,835.169,801.206,803.353,857.5,859.3,914.395,..
Total electricity output (GWh),4.1.1_TOTAL.ELECTRICITY.OUTPUT,Finland,FIN,54377,69976,81245,77432,72069,80674,73501,70411,71257,68093,68597,..
Total electricity output (GWh),4.1.1_TOTAL.ELECTRICITY.OUTPUT,France,FRA,417199,535184,563762,568802,530663,564285,556374,560826,567157,556979,563494,..
Total electricity output (GWh),4.1.1_TOTAL.ELECTRICITY.OUTPUT,French Guyana,GUF,353,430,771,815,845,872,873,874,883,910,923,..
Total electricity output (GWh),4.1.1_TOTAL.ELECTRICITY.OUTPUT,French Polynesia,PYF,291,435,687,719.747,735.565,817.453,760.817,767.728,744.15,721.03,717.51,..
Total electricity output (GWh),4.1.1_TOTAL.ELECTRICITY.OUTPUT,Gabon,GAB,978,1315,1734,1822,1835,1932,2033,2151,2264,2367,2126,..
Total electricity output (GWh),4.1.1_TOTAL.ELECTRICITY.OUTPUT,"Gambia, The",GMB,70,90,229,242,242,245.2,255.7,266.3,260.7,260.8,283.8,..
Total electricity output (GWh),4.1.1_TOTAL.ELECTRICITY.OUTPUT,Georgia,GEO,13724,7424,8332,8453,8558,10124,10194,9695,10059,10371,10833,..
Total electricity output (GWh),4.1.1_TOTAL.ELECTRICITY.OUTPUT,Germany,DEU,547650,572313,633663,634380,589966,626583,607228,623718,632945,621938,640967,..
Total electricity output (GWh),4.1.1_TOTAL.ELECTRICITY.OUTPUT,Ghana,GHA,5721,7223,6978,8324,8958,10167,11200,12024,12871,12963,11491,..
Total electricity output (GWh),4.1.1_TOTAL.ELECTRICITY.OUTPUT,Gibraltar,GIB,79,125,155,166,174,177,171,176,189,198,207,..
Total electricity output (GWh),4.1.1_TOTAL.ELECTRICITY.OUTPUT,Greece,GRC,34775,53425,62711,62912,61094,57367,59172,60771,57114,50343,51822,..
Total electricity output (GWh),4.1.1_TOTAL.ELECTRICITY.OUTPUT,Greenland,GRL,220,263.1,388.9,387.9,573.1285,533.1866,565.3134,573.9307,568.1055,579.9176,520.1739,..
Total electricity output (GWh),4.1.1_TOTAL.ELECTRICITY.OUTPUT,Grenada,GRD,55,130.7,175.6,188.8,203,208.7,204,199.7,196.7,199.9,206.96,..
Total electricity output (GWh),4.1.1_TOTAL.ELECTRICITY.OUTPUT,Guadeloupe,GLP,762,1235,1691,1694,1709,1809,1767,1817,1818,1809,1780.7,..
Total electricity output (GWh),4.1.1_TOTAL.ELECTRICITY.OUTPUT,Guam,GUM,1370.2,1941.4,1879.4,1878.2,1867.9,1882.4,1858,1799,1736.4,1750,1730.6,..
Total electricity output (GWh),4.1.1_TOTAL.ELECTRICITY.OUTPUT,Guatemala,GTM,2186,6048,8756,8718,9047,8893,9181,9412,9920,10725,11058,..
Total electricity output (GWh),4.1.1_TOTAL.ELECTRICITY.OUTPUT,Guinea,GIN,518,913,973,1006.39,1004.2,958.2,890.2,1071.2,995.2,1015,1118.2,..
Total electricity output (GWh),4.1.1_TOTAL.ELECTRICITY.OUTPUT,Guinea-Bissau,GNB,40,25.07,29.672,29.819,30.896,31.953,33.17,34.25,35.36,35.36,36.35,..
Total electricity output (GWh),4.1.1_TOTAL.ELECTRICITY.OUTPUT,Guyana,GUY,312,897.62,698.8,709.2,723.1,867.7,910.4,942.4,962.18,979.36,1039.03,..
Total electricity output (GWh),4.1.1_TOTAL.ELECTRICITY.OUTPUT,Haiti,HTI,597,547,468,486,721,587,943,1100,1055,1033,1038,..
Total electricity output (GWh),4.1.1_TOTAL.ELECTRICITY.OUTPUT,Honduras,HND,2319,3652,6335,6549,6625,6777,7653,7740,8074,8038,8965,..
Total electricity output (GWh),4.1.1_TOTAL.ELECTRICITY.OUTPUT,"Hong Kong SAR, China",HKG,28938,31331,38952,37994,38732,38387,39108,38844,39158,39902,38030,..
Total electricity output (GWh),4.1.1_TOTAL.ELECTRICITY.OUTPUT,Hungary,HUN,28436,35191,39960,40025,35908,37371,36019,34635,30291,29371,30342,..
Total electricity output (GWh),4.1.1_TOTAL.ELECTRICITY.OUTPUT,Iceland,ISL,4510,7684,11977,16467,16834,17059,17211,17549,18116,18122,18799,..
Total electricity output (GWh),4.1.1_TOTAL.ELECTRICITY.OUTPUT,India,IND,292732,569688,823563,848355,917302,979416,1074536,1123049,1193480,1287398,1383004,..
Total electricity output (GWh),4.1.1_TOTAL.ELECTRICITY.OUTPUT,Indonesia,IDN,32667,93325,142151,149326,156774,169755,183417,200052,215593,228555,233984,..
Total electricity output (GWh),4.1.1_TOTAL.ELECTRICITY.OUTPUT,"Iran, Islamic Rep.",IRN,59102,121369,203986,214530,221370,232959,240052,254276,262434,274609,280633,..
Total electricity output (GWh),4.1.1_TOTAL.ELECTRICITY.OUTPUT,Iraq,IRQ,24000,31900,33237,36888,37847,48908,53903,46018,58422,67768,68922,..
Total electricity output (GWh),4.1.1_TOTAL.ELECTRICITY.OUTPUT,Ireland,IRL,14229,23673,27847,29908,27958,28508,27474,27388,25797,26035,28099,..
Total electricity output (GWh),4.1.1_TOTAL.ELECTRICITY.OUTPUT,Isle of Man,IMN,..,..,462.1,503.2,532.7,497.9,498.6,295.9,504,504,504.2,..
Total electricity output (GWh),4.1.1_TOTAL.ELECTRICITY.OUTPUT,Israel,ISR,20898,42661,53792,57002,55008,58591,59679,63003,61322,60813,64226,..
Total electricity output (GWh),4.1.1_TOTAL.ELECTRICITY.OUTPUT,Italy,ITA,213147,269941,308222,313527,288335,298773,300648,297298,287909,278116,281562,..
Total electricity output (GWh),4.1.1_TOTAL.ELECTRICITY.OUTPUT,Jamaica,JAM,2458,6606,5996,4235,4398,4320,4366,3982,3993,4124,4122,..
Total electricity output (GWh),4.1.1_TOTAL.ELECTRICITY.OUTPUT,Japan,JPN,872557,1088092,1153395,1101131,1068369,1139429,1073718,1055906,1058800,1035530,1035266,..
Total electricity output (GWh),4.1.1_TOTAL.ELECTRICITY.OUTPUT,Jordan,JOR,3638,7375,13001,13838,14272,14777,14647,16596,17263,18220,19014,..
Total electricity output (GWh),4.1.1_TOTAL.ELECTRICITY.OUTPUT,Kazakhstan,KAZ,87379,51324,76598,80327,78710,82646,86586,92817,103086,105068,106468,..
Total electricity output (GWh),4.1.1_TOTAL.ELECTRICITY.OUTPUT,Kenya,KEN,3235,4006,6479,6580,6775,7394,7755,8167,8876,9258,9651,..
Total electricity output (GWh),4.1.1_TOTAL.ELECTRICITY.OUTPUT,Kiribati,KIR,8,14.5,23.6,22.5,22,24.1,24.1,24.1,24.1,24.3,27.5,..
Total electricity output (GWh),4.1.1_TOTAL.ELECTRICITY.OUTPUT,"Korea, Dem. Rep.",PRK,27700,19400,21523,23205,21127,21664,19226,19236,18332,17909,13737,..
Total electricity output (GWh),4.1.1_TOTAL.ELECTRICITY.OUTPUT,"Korea, Rep.",KOR,105371,288526,425905,443935,451676,496718,520053,530935,537891,545865,549226,..
Total electricity output (GWh),4.1.1_TOTAL.ELECTRICITY.OUTPUT,Kosovo,XKX,0,2957,4835,5162,4976,5168,5801,5943,6525,5436,6119,..
Total electricity output (GWh),4.1.1_TOTAL.ELECTRICITY.OUTPUT,Kuwait,KWT,18477,32323,48753,51749,53216,57029,57457,62655,60982,65140,67918,..
Total electricity output (GWh),4.1.1_TOTAL.ELECTRICITY.OUTPUT,Kyrgyz Republic,KGZ,15732,14931,14830,11789,11083,12100,15158,15168,14011,14572,13030,..
Total electricity output (GWh),4.1.1_TOTAL.ELECTRICITY.OUTPUT,Lao PDR,LAO,878.4893,4241.1874,3862.9569,4171.6647,3874.3152,3755.063,3802.47,3802.47,4471,4380,16501.1,..
Total electricity output (GWh),4.1.1_TOTAL.ELECTRICITY.OUTPUT,Latvia,LVA,6648,4136,4771,5274,5569,6627,6094,6167,6209,5141,5533,..
Total electricity output (GWh),4.1.1_TOTAL.ELECTRICITY.OUTPUT,Lebanon,LBN,1500,9647,12036,13312,13771,15712,16365,14826,17487,17952,18396,..
Total electricity output (GWh),4.1.1_TOTAL.ELECTRICITY.OUTPUT,Lesotho,LSO,..,371.6,507.3,503.4,505.3,500.6,489.5,485.4,515.3,515.2,532.2,..
Total electricity output (GWh),4.1.1_TOTAL.ELECTRICITY.OUTPUT,Liberia,LBR,320,200,250,250,250,250,300,300,300,300,310,..
Total electricity output (GWh),4.1.1_TOTAL.ELECTRICITY.OUTPUT,Libya,LBY,10169,15496,26234,28666,30373,32558,25999,34275,37913,37731,37713,..
Total electricity output (GWh),4.1.1_TOTAL.ELECTRICITY.OUTPUT,Liechtenstein,LIE,..,..,72.3,71.4,71,79,72.3,85.9,85.3,40.4,70,..
Total electricity output (GWh),4.1.1_TOTAL.ELECTRICITY.OUTPUT,Lithuania,LTU,28405,11121,13470,13327,14643,4994,4246,4529,4214,3708,4258,..
Total electricity output (GWh),4.1.1_TOTAL.ELECTRICITY.OUTPUT,Luxembourg,LUX,624,422,3201,2726,3152,3230,2650,2757,1849,1906,1331,..
Total electricity output (GWh),4.1.1_TOTAL.ELECTRICITY.OUTPUT,"Macao SAR, China",MAC,790,1571,1520,1211,1466,1077,886,561,413,641,962,..
Total electricity output (GWh),4.1.1_TOTAL.ELECTRICITY.OUTPUT,"Macedonia, FYR",MKD,5758,6811,6498,6311,6828,7260,6759,6262,6094,5374,5646,..
Total electricity output (GWh),4.1.1_TOTAL.ELECTRICITY.OUTPUT,Madagascar,MDG,592.0936,882.8467,1221.8944,1274.3201,1273.808,1359.803,1437.646,1520.16,1594.39,1658.5,1712.232,..
Total electricity output (GWh),4.1.1_TOTAL.ELECTRICITY.OUTPUT,Malawi,MWI,718,1226,1616.8,1797.14,1944.14,2023.64,1978.61,2092.01,2019.01,2082.01,2102.8,..
Total electricity output (GWh),4.1.1_TOTAL.ELECTRICITY.OUTPUT,Malaysia,MYS,23016,69255,97516,97801,116003,124786,129275,134381,138348,147469,150123,..
Total electricity output (GWh),4.1.1_TOTAL.ELECTRICITY.OUTPUT,Maldives,MDV,29.5,104,245,280,298.4,256.61,274.62,299,304.867,328.91,391.48,..
Total electricity output (GWh),4.1.1_TOTAL.ELECTRICITY.OUTPUT,Mali,MLI,247,807,1409,1481,1174.51,1292.02,1381.43,1362.5,1509.94,1679.37,1712,..
Total electricity output (GWh),4.1.1_TOTAL.ELECTRICITY.OUTPUT,Malta,MLT,1100,1917,2296,2312,2168,2114,2179,2294,2251,2245,1303,..
Total electricity output (GWh),4.1.1_TOTAL.ELECTRICITY.OUTPUT,Marshall Islands,MHL,..,87.7,95,92,93,92,79,77.7,83.6,85.2,85.7,..
Total electricity output (GWh),4.1.1_TOTAL.ELECTRICITY.OUTPUT,Martinique,MTQ,747,1140.939,1631.866,1682.066,1732.266,1808.365,1764.403,1780.487,1764.463,1764.463,1778,..
Total electricity output (GWh),4.1.1_TOTAL.ELECTRICITY.OUTPUT,Mauritania,MRT,235.8,387,586.8,658.9,657.6,727.3,744.2,824.3,812,850.574,1002,..
Total electricity output (GWh),4.1.1_TOTAL.ELECTRICITY.OUTPUT,Mauritius,MUS,780,1778,2465,2557,2577,2689,2731,2797,2888,2937,2997,..
Total electricity output (GWh),4.1.1_TOTAL.ELECTRICITY.OUTPUT,Mayotte,MYT,16,85,196.2,217.83,238.7,257.5,262,270.9,285.1,299.3,315.9,..
Total electricity output (GWh),4.1.1_TOTAL.ELECTRICITY.OUTPUT,Mexico,MEX,115837,205675,265208,269315,267754,275537,302785,307268,297326,301496,311138,..
Total electricity output (GWh),4.1.1_TOTAL.ELECTRICITY.OUTPUT,"Micronesia, Fed. Sts.",FSM,..,89,69.84,65.95,70.49,70.23,65.91,67.28,68,69.56,68.7,..
Total electricity output (GWh),4.1.1_TOTAL.ELECTRICITY.OUTPUT,Moldova,MDA,16221,5606,5906,6022,6198,6113,5786,5802,4491,5351,6091,..
Total electricity output (GWh),4.1.1_TOTAL.ELECTRICITY.OUTPUT,Monaco,MCO,..,..,..,..,..,..,..,..,..,..,..,..
Total electricity output (GWh),4.1.1_TOTAL.ELECTRICITY.OUTPUT,Mongolia,MNG,3348,2946,3701,4001,4039,4313,4536,4816,5020,5376,5513,..
Total electricity output (GWh),4.1.1_TOTAL.ELECTRICITY.OUTPUT,Montenegro,MNE,..,..,2144,2828,2760,4022,2656,2844,3945,3174,3003,..
Total electricity output (GWh),4.1.1_TOTAL.ELECTRICITY.OUTPUT,Montserrat,MSR,14,12,22.6,23,23,23,23,23,23,24,24,..
Total electricity output (GWh),4.1.1_TOTAL.ELECTRICITY.OUTPUT,Morocco,MAR,9628,12863,19897,20560,21145,23672,25006,27335,27724,28746,30820,..
Total electricity output (GWh),4.1.1_TOTAL.ELECTRICITY.OUTPUT,Mozambique,MOZ,454,9696,16076,15127,16963,16666,16830,15166,14895,17744,19913,..
Total electricity output (GWh),4.1.1_TOTAL.ELECTRICITY.OUTPUT,Myanmar,MMR,2478,5118,6399,6622,6964,7543,9868,10732,12247,14157,15970,..
Total electricity output (GWh),4.1.1_TOTAL.ELECTRICITY.OUTPUT,Namibia,NAM,0,1407,1576,1572,1490,1305,1430,1643,1331,1498,1536,..
Total electricity output (GWh),4.1.1_TOTAL.ELECTRICITY.OUTPUT,Nepal,NPL,878,1659,2792,2812,3115,3208,3492,3552,3517,3797,3503,..
Total electricity output (GWh),4.1.1_TOTAL.ELECTRICITY.OUTPUT,Netherlands,NLD,71968,89631,105165,107552,113691,119270,113963,103298,101736,103418,110070,..
Total electricity output (GWh),4.1.1_TOTAL.ELECTRICITY.OUTPUT,Netherlands Antilles,ANT,790,1121,1256,1242,1298,1323,1325,1333,..,..,..,..
Total electricity output (GWh),4.1.1_TOTAL.ELECTRICITY.OUTPUT,New Caledonia,NCL,1147,1645,1926,1880.6,1954.2,2131.8,2258.65,2287.91,2505.57,3011.44,2903.43,..
Total electricity output (GWh),4.1.1_TOTAL.ELECTRICITY.OUTPUT,New Zealand,NZL,32265,39247,43753,43851,43453,44904,44483,44264,43268,43505,44205,..
Total electricity output (GWh),4.1.1_TOTAL.ELECTRICITY.OUTPUT,Nicaragua,NIC,1457,2351,3208,3361,3453,3659,3824,4031,4166,4446,4579,..
Total electricity output (GWh),4.1.1_TOTAL.ELECTRICITY.OUTPUT,Niger,NER,0,206,224,228,257,293,342,399,443,443,531,..
Total electricity output (GWh),4.1.1_TOTAL.ELECTRICITY.OUTPUT,Nigeria,NGA,13463,14727,22978,21110,19777,26121,27034,28706,28883,30390,31426,..
Total electricity output (GWh),4.1.1_TOTAL.ELECTRICITY.OUTPUT,Northern Mariana Islands,MNP,..,410,383.8,393.7,397,400,406.6,410.7,414.8,418.9,429.8,..
Total electricity output (GWh),4.1.1_TOTAL.ELECTRICITY.OUTPUT,Norway,NOR,121611,142511,136112,141197,130979,123238,126370,146644,133436,141226,143922,..
Total electricity output (GWh),4.1.1_TOTAL.ELECTRICITY.OUTPUT,Oman,OMN,4501,9111,14598,16049,18445,19819,21874,25017,26240,29128,32758,..
Total electricity output (GWh),4.1.1_TOTAL.ELECTRICITY.OUTPUT,Pakistan,PAK,37673,68116,95661,91616,95357,94384,95090,96125,104076,106988,110861,..
Total electricity output (GWh),4.1.1_TOTAL.ELECTRICITY.OUTPUT,Palau,PLW,0,107,99.6,91.2,82.8,94.8,94.75,94.75,94.75,94.85,94.85,..
Total electricity output (GWh),4.1.1_TOTAL.ELECTRICITY.OUTPUT,Panama,PAN,2661,4887,6456,6425,6915,7383,7822,8603,8958,9287,10296,..
Total electricity output (GWh),4.1.1_TOTAL.ELECTRICITY.OUTPUT,Papua New Guinea,PNG,1390,2373,3429,3510,3486,3631,3666,3764,3964,4176,4176,..
Total electricity output (GWh),4.1.1_TOTAL.ELECTRICITY.OUTPUT,Paraguay,PRY,27185,53492,53725,55464,54959,54066,57625,60235,60381,55282,55744,..
Total electricity output (GWh),4.1.1_TOTAL.ELECTRICITY.OUTPUT,Peru,PER,13808,19914,29931,32430,32929,35890,39223,39969,43506,45726,48251,..
Total electricity output (GWh),4.1.1_TOTAL.ELECTRICITY.OUTPUT,Philippines,PHL,26327,45290,59611,60821,61921,67742,69176,72921,75266,77262,82413,..
Total electricity output (GWh),4.1.1_TOTAL.ELECTRICITY.OUTPUT,Poland,POL,134415,143174,158761,154710,151121,157089,163118,161711,164022,158508,164341,..
Total electricity output (GWh),4.1.1_TOTAL.ELECTRICITY.OUTPUT,Portugal,PRT,28342,43372,46896,45475,49482,53691,51888,45576,50534,51959,51281,..
Total electricity output (GWh),4.1.1_TOTAL.ELECTRICITY.OUTPUT,Puerto Rico,PRI,16028,21814,24636,23117,23239.5,23499.3,22509.4,22586.5,21812.4,21316.2,21159.8,..
Total electricity output (GWh),4.1.1_TOTAL.ELECTRICITY.OUTPUT,Qatar,QAT,4818,9134,19462,21616,24158,28144,30730,34787,34668,38692,41499,..
Total electricity output (GWh),4.1.1_TOTAL.ELECTRICITY.OUTPUT,Reunion,REU,905,1758,2461.8,2546.1,2618.2,2699.5,2749.9,2811,2813.4,2857.3,2891.2,..
Total electricity output (GWh),4.1.1_TOTAL.ELECTRICITY.OUTPUT,Romania,ROU,64309,51934,61673,64956,57741,60619,61999,58774,58536,65202,65922,..
Total electricity output (GWh),4.1.1_TOTAL.ELECTRICITY.OUTPUT,Russian Federation,RUS,1082152,876468,1013399,1038431,990045,1036116,1053001,1069313,1057589,1062333,1065623,..
Total electricity output (GWh),4.1.1_TOTAL.ELECTRICITY.OUTPUT,Rwanda,RWA,171,113,165.42,194.5,248.4,281.1,345.5,393.01,413.14,476.03,523.75,..
Total electricity output (GWh),4.1.1_TOTAL.ELECTRICITY.OUTPUT,Saint Pierre et Miquelon,SPM,43,42.8,45.1,44.45,44.91,45.35,45.23,43.47,46.5,48.3,49.47,..
Total electricity output (GWh),4.1.1_TOTAL.ELECTRICITY.OUTPUT,Samoa,WSM,50,93.2,131,120.5,112.8,116.2,109,112.2,121.21,129.9,134.1,..
Total electricity output (GWh),4.1.1_TOTAL.ELECTRICITY.OUTPUT,San Marino,SMR,..,..,..,..,..,..,..,..,..,..,..,..
Total electricity output (GWh),4.1.1_TOTAL.ELECTRICITY.OUTPUT,Sao Tome and Principe,STP,15,26.1,45,47.5,52,57.2,67.2,76.9,70.8,67,69.7,..
Total electricity output (GWh),4.1.1_TOTAL.ELECTRICITY.OUTPUT,Saudi Arabia,SAU,69208,126191,190535,204200,217082,240067,250077,271680,284017,311806,338336,..
Total electricity output (GWh),4.1.1_TOTAL.ELECTRICITY.OUTPUT,Senegal,SEN,945,1604,2656,2782,2858,3076,3151,3450,3561,3715,3955,..
Total electricity output (GWh),4.1.1_TOTAL.ELECTRICITY.OUTPUT,Serbia,SRB,40948,34140,36550,36831,37719,37423,38024,36171,39227,33446,37595,..
Total electricity output (GWh),4.1.1_TOTAL.ELECTRICITY.OUTPUT,Seychelles,SYC,101,187.5,270.58,269.11,275.5,301.04,323.84,336.46,354.22,362.8,378,..
Total electricity output (GWh),4.1.1_TOTAL.ELECTRICITY.OUTPUT,Sierra Leone,SLE,224,94.7,60,138.776,131.977,170.63,175.64,178.67,164.39,180.7,205,..
Total electricity output (GWh),4.1.1_TOTAL.ELECTRICITY.OUTPUT,Singapore,SGP,15714,31665,41133,41717,41209,45361,46018,46971,47969,49380,50415,..
Total electricity output (GWh),4.1.1_TOTAL.ELECTRICITY.OUTPUT,Sint Maarten (Dutch part),SXM,0,0,0,0,0,0,0,401.7,409.7,417.9,432.5,..
Total electricity output (GWh),4.1.1_TOTAL.ELECTRICITY.OUTPUT,Slovak Republic,SVK,25497,30798,27892,28760,25919,27464,28288,28328,28514,27148,26632,..
Total electricity output (GWh),4.1.1_TOTAL.ELECTRICITY.OUTPUT,Slovenia,SVN,12444,13624,15043,16399,16403,16255,15915,15548,15809,17163,14817,..
Total electricity output (GWh),4.1.1_TOTAL.ELECTRICITY.OUTPUT,Solomon Islands,SLB,57,68.2,85.4,86.3,83.7,87.4,82.7,83.3,89.1,94.09,96.79,..
Total electricity output (GWh),4.1.1_TOTAL.ELECTRICITY.OUTPUT,Somalia,SOM,262,250,311,324,327,327,334,340,350,350,350,..
Total electricity output (GWh),4.1.1_TOTAL.ELECTRICITY.OUTPUT,South Africa,ZAF,165385,207837,260500,255519,246815,256648,259576,254913,253192,249471,246736,..
Total electricity output (GWh),4.1.1_TOTAL.ELECTRICITY.OUTPUT,South Sudan,SSD,0,0,0,0,0,0,0,445,472,488,330,..
Total electricity output (GWh),4.1.1_TOTAL.ELECTRICITY.OUTPUT,Spain,ESP,151206,220921,301839,310978,291869,298320,291533,293942,281445,274949,277792,..
Total electricity output (GWh),4.1.1_TOTAL.ELECTRICITY.OUTPUT,Sri Lanka,LKA,3150,7004,9901,10005,9986,10801,11658,11901,12023,12461,13182,..
Total electricity output (GWh),4.1.1_TOTAL.ELECTRICITY.OUTPUT,St. Helena,SHN,5,7,8.53,8.6,8.91,9.29,9.39,9.66,10.67,9.87,10.13,..
Total electricity output (GWh),4.1.1_TOTAL.ELECTRICITY.OUTPUT,St. Kitts and Nevis,KNA,82.4,148.4,209,201,217,216.5,222.5,217.8,220,220,225.3,..
Total electricity output (GWh),4.1.1_TOTAL.ELECTRICITY.OUTPUT,St. Lucia,LCA,104,276.7,345.7,352.3,362.99,380.889,385.208,384.783,382.976,379.431,381.268,..
Total electricity output (GWh),4.1.1_TOTAL.ELECTRICITY.OUTPUT,St. Martin (French part),MAF,..,..,..,..,..,..,..,..,..,..,..,..
Total electricity output (GWh),4.1.1_TOTAL.ELECTRICITY.OUTPUT,St. Vincent and the Grenadines,VCT,51,93.4,141.1,139.2,142.2,140,145.04,139.04,139,157.48,166,..
Total electricity output (GWh),4.1.1_TOTAL.ELECTRICITY.OUTPUT,Sudan,SDN,1515,2569,5021,5506,6491,7499,8455,9436,10284,11376,13047,..
Total electricity output (GWh),4.1.1_TOTAL.ELECTRICITY.OUTPUT,Suriname,SUR,0,1172,1555,1723,1740,1724,1951,1972,2184,2180,2258,..
Total electricity output (GWh),4.1.1_TOTAL.ELECTRICITY.OUTPUT,Swaziland,SWZ,364,469.7,454.08,431.8,517.7,559.73,654.44,621.8,589.8,567,496,..
Total electricity output (GWh),4.1.1_TOTAL.ELECTRICITY.OUTPUT,Sweden,SWE,145984,145231,148823,149894,136604,148460,150254,166436,153031,153554,161931,..
Total electricity output (GWh),4.1.1_TOTAL.ELECTRICITY.OUTPUT,Switzerland,CHE,54992,66124,66439,67036,66673,66052,62888,68140,68720,70102,66097,..
Total electricity output (GWh),4.1.1_TOTAL.ELECTRICITY.OUTPUT,Syrian Arab Republic,SYR,11611,25217,38642,41023,43308,46413,41860,35078,24934,21067,17881,..
Total electricity output (GWh),4.1.1_TOTAL.ELECTRICITY.OUTPUT,"Taiwan, China",TWN,88398,180552,239188,234846,226389,243935,249114,247399,249164,256904,254990,..
Total electricity output (GWh),4.1.1_TOTAL.ELECTRICITY.OUTPUT,Tajikistan,TJK,18146,14247,17494,16147,16117,16435,16238,16974,17115,16472,17162,..
Total electricity output (GWh),4.1.1_TOTAL.ELECTRICITY.OUTPUT,Tanzania,TZA,1628,2472,4184,4389,4741,5274,5093,5589,5941,6219,6295,..
Total electricity output (GWh),4.1.1_TOTAL.ELECTRICITY.OUTPUT,Thailand,THA,44176,95977,143378,147426,148394,159522,155991,166848,170417,172552,177760,..
Total electricity output (GWh),4.1.1_TOTAL.ELECTRICITY.OUTPUT,Timor-Leste,TLS,0,0,91.8,110.514,131.701,136.61,140.1,126,295,349,350.3,..
Total electricity output (GWh),4.1.1_TOTAL.ELECTRICITY.OUTPUT,Togo,TGO,158,175,196,123,152,179,128,111,93,145,81,..
Total electricity output (GWh),4.1.1_TOTAL.ELECTRICITY.OUTPUT,Tonga,TON,24,43.2,51,53,54.66,51.85,53.16,52.39,53.313,54.561,55.405,..
Total electricity output (GWh),4.1.1_TOTAL.ELECTRICITY.OUTPUT,Trinidad and Tobago,TTO,3577,5459,7676,7731,7843,8485,8772,9132,9505,9895,10300,..
Total electricity output (GWh),4.1.1_TOTAL.ELECTRICITY.OUTPUT,Tunisia,TUN,5811,10596,13739,14363,15252,16372,16497,18061,18381,19203,19676,..
Total electricity output (GWh),4.1.1_TOTAL.ELECTRICITY.OUTPUT,Turkey,TUR,57543,124922,191558,198418,194812,211208,229393,239496,240154,251963,261783,..
Total electricity output (GWh),4.1.1_TOTAL.ELECTRICITY.OUTPUT,Turkmenistan,TKM,14610,9845,14880,15040,15980,16660,17220,17750,18870,20400,22534,..
Total electricity output (GWh),4.1.1_TOTAL.ELECTRICITY.OUTPUT,Turks and Caicos Islands,TCA,20,75.4,182,189,200,208,207,210,209,227,239,..
Total electricity output (GWh),4.1.1_TOTAL.ELECTRICITY.OUTPUT,Tuvalu,TUV,2,2.8,4.3,4.4,4.59,5.39,5.08,5.1,5.1,5.1,7.1,..
Total electricity output (GWh),4.1.1_TOTAL.ELECTRICITY.OUTPUT,Uganda,UGA,774,1582.2,1953,2050.7,2177.3,2455.9,2646.6,2908.5,3416.1,3550.5,3472.6,..
Total electricity output (GWh),4.1.1_TOTAL.ELECTRICITY.OUTPUT,Ukraine,UKR,298626,171269,196251,192586,173619,188828,194948,198363,193706,181975,162108,..
Total electricity output (GWh),4.1.1_TOTAL.ELECTRICITY.OUTPUT,United Arab Emirates,ARE,17080,39944,76106,86260,90573,97728,99137,102600,106222,109979,127366,..
Total electricity output (GWh),4.1.1_TOTAL.ELECTRICITY.OUTPUT,United Kingdom,GBR,317755,374375,392970,384805,373035,378621,364517,360616,356264,336042,336356,..
Total electricity output (GWh),4.1.1_TOTAL.ELECTRICITY.OUTPUT,United States,USA,3202813,4025885,4323915,4342980,4165395,4354363,4326635,4270884,4287114,4319156,4297048,..
Total electricity output (GWh),4.1.1_TOTAL.ELECTRICITY.OUTPUT,Uruguay,URY,7444,7588,9426,8769,8867,10995,10344,10597,11662,13015,13740,..
Total electricity output (GWh),4.1.1_TOTAL.ELECTRICITY.OUTPUT,Uzbekistan,UZB,56325,46864,48950,49400,49950,51700,52400,52500,54200,55400,57280,..
Total electricity output (GWh),4.1.1_TOTAL.ELECTRICITY.OUTPUT,Vanuatu,VUT,25,45.1,51.96,68.67,68.67,68.94,67.79,67.35,67.7,66.6,63.5,..
Total electricity output (GWh),4.1.1_TOTAL.ELECTRICITY.OUTPUT,"Venezuela, RB",VEN,59321,85271,114214,119297,119580,113765,117961,121653,123160,127733,117590,..
Total electricity output (GWh),4.1.1_TOTAL.ELECTRICITY.OUTPUT,Vietnam,VNM,8681,26561,67008,73396,83175,94903,104072,117592,125054,139565,153283,..
Total electricity output (GWh),4.1.1_TOTAL.ELECTRICITY.OUTPUT,Virgin Islands (U.S.),VIR,980,1030,980.166,971.741,920.773,957.538,953.857,880.757,833.657,788.13,796.9,..
Total electricity output (GWh),4.1.1_TOTAL.ELECTRICITY.OUTPUT,West Bank and Gaza,PSE,60,32,417.1,426.6,500.6,473.3,569.3,461.1,536.1,336.6,514.6,..
Total electricity output (GWh),4.1.1_TOTAL.ELECTRICITY.OUTPUT,Western Sahara,ESH,..,..,..,..,..,..,..,..,..,..,..,..
Total electricity output (GWh),4.1.1_TOTAL.ELECTRICITY.OUTPUT,"Yemen, Rep.",YEM,1663,3433,6027,6546,6750,7755,6204,7073,8501,7646,5326,..
Total electricity output (GWh),4.1.1_TOTAL.ELECTRICITY.OUTPUT,Zambia,ZMB,8013,7798,9643,9534,9893,10448,11498,12368,13300,14452,13439,..
Total electricity output (GWh),4.1.1_TOTAL.ELECTRICITY.OUTPUT,Zimbabwe,ZWE,9362,6995,7609,7625,7291,8665,9216,9203,9570,10026,9709,..
,,,,,,,,,,,,,,,
,,,,,,,,,,,,,,,
,,,,,,,,,,,,,,,
Data from database: Sustainable Energy for All,,,,,,,,,,,,,,,
Last Updated: 06/30/2018,,,,,,,,,,,,,,,
